first_name,last_name,email,city,created_at
Trumaine,McMenamy,tmcmenamy0@salon.com,Alpedrinha,10/24/2025
Burtie,Kornyshev,bkornyshev1@amazon.de,Zhouhe,10/24/2025
Nicola,Pottberry,npottberry2@comsenz.com,Fullerton,6/10/2025
Lu,Brunon,lbrunon3@csmonitor.com,Tentúgal,9/28/2025
Brucie,Gooderham,bgooderham4@ucoz.ru,Guaraciaba do Norte,12/3/2025
Danie,Rawcliff,drawcliff5@pagesperso-orange.fr,Jinlong,6/7/2025
Thibaut,Cohan,tcohan6@creativecommons.org,Oslo,1/27/2026
Celesta,Bodleigh,cbodleigh7@yahoo.co.jp,Tlučná,3/4/2026
Petra,Honeyghan,phoneyghan8@guardian.co.uk,Boshan,10/2/2025
Nathalie,Sibbons,nsibbons9@example.com,Simi Valley,7/11/2025
Paige,Eager,peagera@vistaprint.com,Gandusari,6/30/2025
Calvin,Saben,csabenb@army.mil,Lazaro Cardenas,1/24/2026
La verne,Duxbarry,lduxbarryc@51.la,Taekas,2/1/2026
Joceline,Najara,jnajarad@csmonitor.com,Wuhu,4/9/2026
Holly-anne,De Bruijne,hdebruijnee@goo.ne.jp,Leping,5/1/2026
Katusha,Wharin,kwharinf@java.com,Palomoc,12/6/2025
Issiah,Pawlowicz,ipawlowiczg@behance.net,Corozal,2/22/2026
Fredek,Cymper,fcymperh@surveymonkey.com,Końskowola,4/3/2026
Corina,Seccombe,cseccombei@examiner.com,Kubangsari,9/23/2025
Gavrielle,Haster,ghasterj@hao123.com,Yangqiao,11/24/2025
Kerby,Olsen,kolsenk@umn.edu,Beaufort West,3/9/2026
Andriette,Batrop,abatropl@smh.com.au,Hailin,2/24/2026
Tarrance,Crus,tcrusm@ucsd.edu,Hartola,1/22/2026
Thornton,Disbury,tdisburyn@vimeo.com,Krasnyy Oktyabr’,5/7/2025
Mauricio,Habercham,mhaberchamo@live.com,Połaniec,9/12/2025
Sile,Sissot,ssissotp@uol.com.br,Nangka,1/6/2026
Peria,Cranage,pcranageq@google.pl,Tiaodeng,2/15/2026
Bryanty,Dumbar,bdumbarr@123-reg.co.uk,Plessisville,3/11/2026
Butch,Itter,bitters@joomla.org,Casal do Conde,12/9/2025
Callie,McSorley,cmcsorleyt@icq.com,Sigaozhuang,4/12/2026
Kathi,McKeevers,kmckeeversu@chicagotribune.com,Mkushi,11/23/2025
Skipp,Malser,smalserv@ucsd.edu,Bodø,8/6/2025
Kelli,Shannon,kshannonw@privacy.gov.au,La Huaca,1/6/2026
Vivyan,Leedes,vleedesx@gov.uk,Kadugede,4/15/2026
Tore,Pendergrast,tpendergrasty@spotify.com,Shimorskoye,6/7/2025
Vicky,Skyrme,vskyrmez@jigsy.com,Iporã,7/13/2025
Logan,Josefson,ljosefson10@jigsy.com,Longgao,12/31/2025
Wake,Schrei,wschrei11@japanpost.jp,Linglong,6/24/2025
Kariotta,Gostling,kgostling12@unicef.org,Águas,6/11/2025
Bary,Gaize,bgaize13@networkadvertising.org,Staryy Krym,12/18/2025
Ebonee,Hempshall,ehempshall14@sciencedaily.com,Soutocico,2/25/2026
Keri,Keele,kkeele15@umn.edu,Morales,12/21/2025
Hamil,Chelnam,hchelnam16@webmd.com,Trudovoye,4/24/2026
Boote,Armitt,barmitt17@jugem.jp,Ferreira do Zêzere,1/31/2026
Baron,Hazlehurst,bhazlehurst18@gravatar.com,La Serena,3/11/2026
Allina,Guly,aguly19@rambler.ru,Aianí,3/14/2026
Annalise,Coudray,acoudray1a@symantec.com,Banatsko Veliko Selo,8/14/2025
Theressa,Codner,tcodner1b@imgur.com,Hamm,7/31/2025
Merry,Newhouse,mnewhouse1c@g.co,Lyski,6/26/2025
Gerome,Cornner,gcornner1d@nytimes.com,Guinsadan,8/3/2025
Alick,Gieraths,agieraths1e@home.pl,Beigang,8/3/2025
Lilith,Yeulet,lyeulet1f@ow.ly,Bajingzi,8/4/2025
Cindelyn,Thomassin,cthomassin1g@hibu.com,Znojmo,3/1/2026
Robinett,Burkman,rburkman1h@sakura.ne.jp,Sukhobuzimskoye,6/13/2025
Catlin,Telling,ctelling1i@ow.ly,L'viv,9/19/2025
Yetta,Comport,ycomport1j@studiopress.com,Castanheira de Pêra,5/20/2025
Liva,Drysdall,ldrysdall1k@dailymail.co.uk,Poshnje,3/26/2026
Dagny,Andreazzi,dandreazzi1l@sourceforge.net,Benito Juarez,9/24/2025
Jenifer,Ossulton,jossulton1m@youtube.com,Brejo Santo,6/13/2025
Upton,Yakov,uyakov1n@nature.com,Yamaranguila,7/5/2025
Tybalt,Cleef,tcleef1o@webmd.com,Guoyuan,3/5/2026
Seka,Rubberts,srubberts1p@webnode.com,Bayang,7/7/2025
Carlos,Sicely,csicely1q@elpais.com,Šuto Orizare,1/14/2026
Natale,Dillestone,ndillestone1r@patch.com,Ijuí,6/3/2025
Bibbie,Goodridge,bgoodridge1s@last.fm,Puerto Maldonado,7/1/2025
Nanette,Swadlinge,nswadlinge1t@ocn.ne.jp,Masoli,3/13/2026
Tremaine,Burnell,tburnell1u@weebly.com,Seattle,6/5/2025
Katrinka,Wheelband,kwheelband1v@princeton.edu,Örebro,6/21/2025
Jeane,Balcon,jbalcon1w@economist.com,Beregovoy,4/23/2026
Tremaine,Messenger,tmessenger1x@goo.ne.jp,Kleszczów,1/4/2026
Glyn,Shilladay,gshilladay1y@pagesperso-orange.fr,Lewopao,9/16/2025
Mandel,Bladder,mbladder1z@google.pl,Alta Gracia,12/30/2025
Immanuel,O'Bruen,iobruen20@amazonaws.com,Anbyŏn-ŭp,5/29/2025
Orbadiah,Truelove,otruelove21@tripod.com,Semanding Barat,5/16/2025
Brandise,Leyes,bleyes22@wp.com,Cachoeira do Sul,7/1/2025
Toby,Ellsworthe,tellsworthe23@domainmarket.com,Choujiang,12/12/2025
Fee,Crunden,fcrunden24@cdbaby.com,Neebing,9/23/2025
Georgie,Miebes,gmiebes25@gravatar.com,Jastrowie,12/21/2025
Terri,Bovaird,tbovaird26@google.pl,Frýdlant,5/21/2025
Allys,Sayer,asayer27@wufoo.com,Sunchales,2/28/2026
Melly,Antonomolii,mantonomolii28@hatena.ne.jp,Suyang,6/30/2025
Deborah,Sorbey,dsorbey29@miibeian.gov.cn,Zaolin,5/11/2025
Leontine,Collison,lcollison2a@oracle.com,Embalse,10/11/2025
Caro,Summerley,csummerley2b@cafepress.com,Sapat,4/6/2026
Johnath,Sulman,jsulman2c@newsvine.com,Shuangqiao,12/14/2025
Freeland,Pattrick,fpattrick2d@senate.gov,Coyah,5/12/2025
Flori,Gumby,fgumby2e@reddit.com,Pórto Chéli,5/11/2025
Cathi,Cornford,ccornford2f@woothemes.com,Chibuto,5/4/2025
Shannan,Cecere,scecere2g@facebook.com,Taluncemara,11/17/2025
Gabrila,Fitzpatrick,gfitzpatrick2h@tumblr.com,Xibing,11/26/2025
Alejandro,Woodsford,awoodsford2i@oakley.com,Uhlove,7/21/2025
Rochella,Bohlens,rbohlens2j@shop-pro.jp,Marinilla,8/19/2025
Wheeler,Marchenko,wmarchenko2k@t.co,Bello,2/8/2026
Hyacinthia,Brislane,hbrislane2l@microsoft.com,Bang Kruai,3/7/2026
Claudia,Flello,cflello2m@lycos.com,Qiaolin,10/5/2025
Sibella,Keller,skeller2n@yellowbook.com,Kuala Lumpur,12/18/2025
Teodoor,Pullman,tpullman2o@addtoany.com,Ganquan,11/21/2025
Jaquenette,Magog,jmagog2p@imageshack.us,Pekuncen,6/21/2025
Rycca,Swettenham,rswettenham2q@altervista.org,Takanabe,4/24/2026
Morgan,Wolland,mwolland2r@comcast.net,Sala,12/25/2025
Camila,O'Neary,coneary2s@google.it,Orléans,10/26/2025
Barnett,Bayldon,bbayldon2t@devhub.com,Ngerengere,12/8/2025
Oberon,Leverage,oleverage2u@cbc.ca,Fūman,4/20/2026
Hildegaard,Dmitrienko,hdmitrienko2v@studiopress.com,Yinglan,10/5/2025
Kris,Oluwatoyin,koluwatoyin2w@shop-pro.jp,Itagüí,9/21/2025
Tann,Gainor,tgainor2x@omniture.com,Quận Phú Nhuận,3/9/2026
Aluin,Farnorth,afarnorth2y@mashable.com,Maardu,12/21/2025
Moina,Gillebride,mgillebride2z@cnn.com,Shifang,6/4/2025
Leila,Eite,leite30@sogou.com,Jeremoabo,10/2/2025
Thorin,Blundan,tblundan31@rambler.ru,Shuhong,2/22/2026
Bryana,Chidzoy,bchidzoy32@baidu.com,Niquero,10/25/2025
Flemming,Crosgrove,fcrosgrove33@oakley.com,Kushar,9/4/2025
Siegfried,Keenleyside,skeenleyside34@goo.gl,Placer,8/5/2025
Etty,Parris,eparris35@squidoo.com,Chakou,11/19/2025
Modestine,Louthe,mlouthe36@oaic.gov.au,Macedo de Cavaleiros,4/30/2026
Euell,Aldhouse,ealdhouse37@infoseek.co.jp,Kedungwungu,11/12/2025
Therese,Corness,tcorness38@reddit.com,Wuhao,11/17/2025
Tremain,Scatchard,tscatchard39@salon.com,Kabba,3/2/2026
Jobie,Bramham,jbramham3a@unc.edu,Jabal os Saraj,9/30/2025
Court,Caulcott,ccaulcott3b@devhub.com,Bunia,12/9/2025
Evanne,Di Giacomo,edigiacomo3c@linkedin.com,Huayucachi,12/23/2025
Shayne,Yoselevitch,syoselevitch3d@ebay.com,Tsukawaki,12/25/2025
Jehu,Batterbee,jbatterbee3e@free.fr,Jindřichův Hradec,1/3/2026
Nicol,Lorraway,nlorraway3f@nbcnews.com,Hekou,1/19/2026
Malory,Girard,mgirard3g@wix.com,Nanyo,6/27/2025
Rollie,Lenham,rlenham3h@ameblo.jp,Pak Phanang,5/17/2025
Brice,McCaw,bmccaw3i@washington.edu,Pryluky,8/4/2025
Mickie,Hillam,mhillam3j@irs.gov,Puerto Quellón,6/6/2025
Claresta,Feeny,cfeeny3k@latimes.com,Huichang,8/5/2025
Emmy,Loosley,eloosley3l@ebay.com,P’asanauri,3/23/2026
Ashien,Yurkin,ayurkin3m@163.com,Qilin,6/4/2025
Andie,Rathe,arathe3n@github.io,Anwen,12/2/2025
Zachariah,Korba,zkorba3o@oracle.com,Anār,4/17/2026
Reena,Sanz,rsanz3p@princeton.edu,San Felipe,8/23/2025
Freddy,Sowrey,fsowrey3q@japanpost.jp,Vicuña Mackenna,1/19/2026
Georgianne,Eyckelberg,geyckelberg3r@sogou.com,Princeville,9/10/2025
Coral,Rauprich,crauprich3s@oaic.gov.au,Santa Catarina Ixtahuacán,8/23/2025
Kassey,Capstick,kcapstick3t@histats.com,Suizhong,5/8/2025
Dotti,Josowitz,djosowitz3u@independent.co.uk,Xinqiaohe,4/13/2026
Julie,Wordington,jwordington3v@e-recht24.de,Alto do Estanqueiro,4/26/2026
Britni,McLellan,bmclellan3w@icio.us,Lungaog,12/19/2025
Marita,Meeking,mmeeking3x@soup.io,Bureya,5/20/2025
Donnell,Franz-Schoninger,dfranzschoninger3y@yahoo.com,Estrada,3/29/2026
Reynolds,Thorne,rthorne3z@netlog.com,Qarshi,1/16/2026
Vernice,Ruberry,vruberry40@odnoklassniki.ru,Lindong,11/4/2025
Ruthanne,O'Feeny,rofeeny41@purevolume.com,Bahía Blanca,7/6/2025
Savina,Simacek,ssimacek42@umn.edu,Savannah,1/24/2026
Jolyn,Sandham,jsandham43@yahoo.com,Masindi,5/3/2026
Oby,MacNalley,omacnalley44@opera.com,Tempe,5/7/2025
Evangelin,Ardron,eardron45@shutterfly.com,Rongmei,11/17/2025
Nikolaos,Carlucci,ncarlucci46@icq.com,San Isidro,10/13/2025
Rad,Blees,rblees47@slideshare.net,Greensboro,8/27/2025
Perl,Bosence,pbosence48@bloglovin.com,Wirral,1/1/2026
Thorvald,James,tjames49@barnesandnoble.com,Lazo,4/9/2026
Jule,Feeley,jfeeley4a@latimes.com,Veshnyaki,8/7/2025
Keelby,Wrathmall,kwrathmall4b@squarespace.com,Bijeli,8/2/2025
Mireille,Rowlstone,mrowlstone4c@technorati.com,Lemland,5/1/2026
Nilson,Jowsey,njowsey4d@artisteer.com,Myasnikyan,7/17/2025
Sylvester,Birdwhistell,sbirdwhistell4e@harvard.edu,Heydərabad,12/5/2025
Jacquenetta,Jose,jjose4f@e-recht24.de,Gembu,3/1/2026
Rebe,Sandle,rsandle4g@umn.edu,Lyon,2/17/2026
Misti,Gormley,mgormley4h@wsj.com,Sumurasin,4/18/2026
Torrey,Whiffin,twhiffin4i@slideshare.net,Panyingkiran,12/6/2025
Chan,Sitwell,csitwell4j@meetup.com,Napnapan,7/23/2025
Sheila,Axton,saxton4k@howstuffworks.com,Freiria,10/17/2025
Georgia,Fulun,gfulun4l@nsw.gov.au,Nevel’,12/6/2025
Zahara,Lydall,zlydall4m@xing.com,Naikoten Dua,12/20/2025
Armando,Antognelli,aantognelli4n@mit.edu,Nouna,1/23/2026
Latrena,McAviy,lmcaviy4o@ustream.tv,Wenwuba,7/6/2025
Angelika,Grzeszczyk,agrzeszczyk4p@thetimes.co.uk,Zhitang,7/8/2025
Nero,Bicknell,nbicknell4q@hibu.com,Bokor,6/25/2025
Lora,Riche,lriche4r@symantec.com,São Joaquim da Barra,2/20/2026
Clarabelle,Phelan,cphelan4s@shareasale.com,Valera,7/5/2025
Linnea,Ianni,lianni4t@blog.com,Sydney South,4/25/2026
Dieter,Remer,dremer4u@mtv.com,Seminole,3/2/2026
Kinna,Jendas,kjendas4v@list-manage.com,Junqueiro,6/12/2025
Truda,Cantor,tcantor4w@ucoz.ru,Fuzhiping,7/27/2025
Sheela,Mozzetti,smozzetti4x@wisc.edu,Shen’ao,11/29/2025
Aime,Rouff,arouff4y@imageshack.us,Vidago,9/13/2025
Kaile,Petronis,kpetronis4z@so-net.ne.jp,Ylöjärvi,4/22/2026
Eal,Scarborough,escarborough50@baidu.com,Funaishikawa,9/7/2025
Gasper,Vine,gvine51@state.tx.us,Alcantara,12/27/2025
Alaster,Lancley,alancley52@themeforest.net,Jiachuan,4/15/2026
Chauncey,Follen,cfollen53@fc2.com,Ramos West,10/5/2025
Margot,Jaram,mjaram54@un.org,Gawul,9/10/2025
Celine,Loveitt,cloveitt55@fotki.com,Beilun,8/27/2025
Dagny,Longcake,dlongcake56@vistaprint.com,Dizangué,3/4/2026
Diena,Gabbitas,dgabbitas57@google.com.au,Kisela Voda,5/9/2025
Deena,Leachman,dleachman58@networkadvertising.org,Mabini,10/24/2025
Steve,Crosland,scrosland59@yandex.ru,Kalibunder,6/20/2025
Harald,Hulse,hhulse5a@cdbaby.com,Kozyatyn,4/25/2026
Nonah,Hillaby,nhillaby5b@amazon.co.uk,Purac,4/24/2026
Lyndsey,Keattch,lkeattch5c@ezinearticles.com,Serrana,12/1/2025
Clovis,Bolingbroke,cbolingbroke5d@mtv.com,Marija Bistrica,7/4/2025
Garfield,Indgs,gindgs5e@webnode.com,Sáchica,7/9/2025
Elnore,Tettley,etettley5f@walmart.com,Bradenton,12/19/2025
Willy,Tranfield,wtranfield5g@dell.com,Anju,2/21/2026
Godard,Wooffinden,gwooffinden5h@alexa.com,Peimei,2/22/2026
Gretal,Chappel,gchappel5i@usgs.gov,Pancheng,10/1/2025
Tessi,Le Breton,tlebreton5j@smugmug.com,Krasnokholmskiy,11/27/2025
Hall,Hassett,hhassett5k@eepurl.com,Juàzeirinho,2/19/2026
Mario,Mowen,mmowen5l@miitbeian.gov.cn,Cacoal,1/3/2026
Burke,Canepe,bcanepe5m@ask.com,Abbottābād,6/19/2025
Shelby,Acedo,sacedo5n@canalblog.com,Nelahozeves,11/27/2025
Thorstein,Piquard,tpiquard5o@shop-pro.jp,Geshan,10/28/2025
Genny,Carayol,gcarayol5p@t-online.de,Cizhu,5/16/2025
Royall,Morigan,rmorigan5q@hhs.gov,Magoúla,1/5/2026
Raquela,Klosterman,rklosterman5r@house.gov,Norfolk County,4/29/2026
Matilde,Curado,mcurado5s@studiopress.com,Sankt Lorenzen im Mürztal,2/11/2026
Hillyer,Sewart,hsewart5t@mac.com,Monino,8/13/2025
Hana,Burdass,hburdass5u@mashable.com,Kyela,4/8/2026
Nissy,Biaggetti,nbiaggetti5v@1688.com,Waterloo,12/24/2025
Tabitha,Motto,tmotto5w@t-online.de,Oefau,12/13/2025
Holt,Farrears,hfarrears5x@furl.net,El Progreso,10/26/2025
Patrick,Oswick,poswick5y@bbc.co.uk,Mahekou,5/3/2026
Norah,Grafton-Herbert,ngraftonherbert5z@dyndns.org,Sukaratu,12/1/2025
Sam,Twallin,stwallin60@163.com,Maba,1/6/2026
Pierrette,Eaglen,peaglen61@oakley.com,Mañazo,3/1/2026
Ralina,Abbotts,rabbotts62@squarespace.com,Adamstown,3/13/2026
Mattie,Glasner,mglasner63@bbc.co.uk,Sinarbakti,10/28/2025
Lynda,Wilkennson,lwilkennson64@linkedin.com,Pánormos,2/5/2026
Inglebert,Steere,isteere65@elegantthemes.com,Waitakere,6/15/2025
Gibbie,Romeuf,gromeuf66@ameblo.jp,Ljungbyholm,8/20/2025
Dagny,D'Abbot-Doyle,ddabbotdoyle67@tmall.com,Malabar,10/24/2025
Moishe,Tidbury,mtidbury68@live.com,Damaishan,10/31/2025
Broderick,Kordas,bkordas69@epa.gov,Amvrosiyivka,12/1/2025
Moritz,Greensmith,mgreensmith6a@nyu.edu,Renhe,9/12/2025
Peg,Clements,pclements6b@tmall.com,Chiclayo,4/16/2026
Tania,Blockwell,tblockwell6c@walmart.com,Chengqiao,2/13/2026
Kristoffer,Szymanowski,kszymanowski6d@macromedia.com,Mkushi,3/14/2026
Eddie,Gladhill,egladhill6e@webmd.com,Takahagi,12/14/2025
Eddy,Milton,emilton6f@oaic.gov.au,Tochigi,1/30/2026
Ingaberg,Clewett,iclewett6g@statcounter.com,Zelenoborskiy,5/17/2025
Whitney,Carus,wcarus6h@vistaprint.com,Moste,5/22/2025
Celina,Bramwich,cbramwich6i@mysql.com,Yunga,10/30/2025
Dud,Gronowe,dgronowe6j@cnn.com,Estreito,4/3/2026
Earvin,Acreman,eacreman6k@mtv.com,Maji,5/8/2025
Der,McCleverty,dmccleverty6l@weibo.com,Fengqiao,9/28/2025
Jaquith,Jimes,jjimes6m@chicagotribune.com,Novogornyy,1/24/2026
Ericha,Hambric,ehambric6n@github.com,Tamuning-Tumon-Harmon Village,5/28/2025
Carol,Duggen,cduggen6o@oaic.gov.au,Biała,2/28/2026
Prisca,Pinson,ppinson6p@ft.com,Madruga,9/2/2025
Andrej,Bogays,abogays6q@tinypic.com,Sepanjang,5/20/2025
Guinna,Betty,gbetty6r@timesonline.co.uk,Tegalgunung,7/16/2025
Ransom,Echlin,rechlin6s@wordpress.com,Lavezares,2/18/2026
Stirling,Elphee,selphee6t@howstuffworks.com,Lingqian,12/31/2025
Gweneth,Horder,ghorder6u@upenn.edu,Oslo,2/26/2026
Jonie,Gaskin,jgaskin6v@geocities.jp,Changsha,7/19/2025
Lazar,Husthwaite,lhusthwaite6w@ameblo.jp,Kedungwungu,12/7/2025
Stella,Fifield,sfifield6x@meetup.com,Kolirerek,7/17/2025
Pacorro,Jope,pjope6y@weather.com,Vrané nad Vltavou,1/26/2026
Eleanora,Lory,elory6z@ovh.net,Laweueng,12/20/2025
Halli,Ramard,hramard70@ihg.com,Sukorejo,2/12/2026
Kelcie,Hofton,khofton71@ocn.ne.jp,Lekaj,1/18/2026
Igor,Penvarden,ipenvarden72@live.com,Szczytno,6/9/2025
Grantham,Poxton,gpoxton73@drupal.org,Kumanis,4/11/2026
Cybil,Blonfield,cblonfield74@blinklist.com,Padej,2/9/2026
Batsheva,Tickner,btickner75@last.fm,Lyubertsy,12/10/2025
Laurene,Stanway,lstanway76@yale.edu,Dulovo,11/29/2025
Glenine,Orrell,gorrell77@aol.com,Bislig,9/5/2025
Monah,Hay,mhay78@desdev.cn,Topola,5/25/2025
Ilyssa,Amos,iamos79@a8.net,Loreto,8/23/2025
Ethelbert,Meindl,emeindl7a@sohu.com,Jadowniki,11/8/2025
Abra,Itzkovwitch,aitzkovwitch7b@hugedomains.com,Obubra,5/10/2025
Reamonn,Danbrook,rdanbrook7c@ca.gov,Koronowo,3/15/2026
Donny,Inglesent,dinglesent7d@diigo.com,Guifeng,10/18/2025
Fredra,Girardini,fgirardini7e@google.ru,Ankazobe,6/4/2025
Nikki,Napier,nnapier7f@multiply.com,Gununglarang,2/4/2026
Hana,Hobble,hhobble7g@artisteer.com,Magistral’nyy,5/24/2025
Alva,Galliard,agalliard7h@cbc.ca,Toyota,11/8/2025
Parke,Burras,pburras7i@disqus.com,Barvinkove,9/18/2025
Alissa,Jerdein,ajerdein7j@alibaba.com,Fornos de Algodres,9/23/2025
Emmalyn,Gribbell,egribbell7k@discovery.com,Regla,3/25/2026
Freddy,Wark,fwark7l@simplemachines.org,Kathu,9/7/2025
Boony,Goodwyn,bgoodwyn7m@etsy.com,Kalchevaya,7/24/2025
Clea,Gearty,cgearty7n@amazon.co.jp,Tadabliro,7/27/2025
Stuart,Goreway,sgoreway7o@tripod.com,Gulod,8/30/2025
Tommy,Lorenzini,tlorenzini7p@va.gov,Waerana,7/17/2025
Morris,Dyke,mdyke7q@miitbeian.gov.cn,Balogo,1/7/2026
Margalit,Engledow,mengledow7r@arizona.edu,Mosteirô,12/6/2025
Waldon,Hurling,whurling7s@cornell.edu,Ibaan,3/20/2026
Ina,Askey,iaskey7t@wunderground.com,Balboa,5/22/2025
Aldis,Jacques,ajacques7u@twitter.com,Sieradza,6/25/2025
Andromache,Doctor,adoctor7v@howstuffworks.com,Xiaocheng,11/22/2025
Tabbitha,Stanger,tstanger7w@amazon.co.uk,Cipatujah,10/6/2025
Marcie,Rooper,mrooper7x@weebly.com,Podhum,12/18/2025
Vivyan,Labden,vlabden7y@networkadvertising.org,Del Valle,7/18/2025
Arnaldo,Moretto,amoretto7z@timesonline.co.uk,Melrose,10/15/2025
Arluene,Joplin,ajoplin80@wikipedia.org,Huaqiao,1/22/2026
Moritz,Barthrop,mbarthrop81@umn.edu,Aix-en-Provence,3/7/2026
Maurene,Kirkland,mkirkland82@joomla.org,Tengger,12/29/2025
Barty,Brewood,bbrewood83@acquirethisname.com,Liangshan,10/4/2025
Reginauld,Toping,rtoping84@hugedomains.com,Sang-e Māshah,4/26/2026
Krisha,Papes,kpapes85@seesaa.net,Pikalëvo,12/5/2025
Quinton,Zuppa,qzuppa86@oaic.gov.au,Luofang,3/8/2026
Caitrin,Clipston,cclipston87@yelp.com,Dabbūrīya,3/28/2026
Gerianna,Bernardotti,gbernardotti88@qq.com,Lyambir’,5/17/2025
Netty,Florez,nflorez89@adobe.com,Dera Bugti,6/7/2025
Jobie,Boick,jboick8a@cnn.com,Rudky,1/21/2026
Bartlet,Dring,bdring8b@goo.gl,Chowki Jamali,2/26/2026
Crissie,Matiewe,cmatiewe8c@last.fm,Gadingrejo,8/7/2025
Julina,Childers,jchilders8d@ftc.gov,Ituzaingó,12/1/2025
Tamarra,George,tgeorge8e@diigo.com,Cabatuan,4/23/2026
Micky,Kleewein,mkleewein8f@goo.gl,Tadou,8/25/2025
Lynde,Lamartine,llamartine8g@sina.com.cn,Loum,7/24/2025
Petey,Rulton,prulton8h@timesonline.co.uk,Goiânia,8/8/2025
Mathias,Jillins,mjillins8i@state.tx.us,Phôngsali,2/23/2026
Wallas,Fain,wfain8j@imdb.com,Beishan,6/2/2025
Tally,Easthope,teasthope8k@fema.gov,Alfenas,12/10/2025
Hollyanne,Hastie,hhastie8l@twitpic.com,Bitaogan,10/29/2025
Cornelia,Hoopper,choopper8m@tumblr.com,Bethlehem,2/14/2026
Feodor,Shovlin,fshovlin8n@bing.com,Balaoang,11/21/2025
Leland,Normington,lnormington8o@ft.com,Yujin,9/12/2025
Dunc,Bowskill,dbowskill8p@mac.com,Trần Văn Thời,1/22/2026
Gene,Lumm,glumm8q@free.fr,Ailuk,3/15/2026
Carley,Bartalin,cbartalin8r@macromedia.com,Bagong Sikat,2/20/2026
Joanie,Swithenby,jswithenby8s@answers.com,Xingquan,8/2/2025
Otto,Happs,ohapps8t@webeden.co.uk,Watrous,11/12/2025
Ethelbert,Haithwaite,ehaithwaite8u@addtoany.com,‘Anjarah,10/29/2025
Jeremias,Soar,jsoar8v@google.es,Gapyeong,6/15/2025
Joeann,Posen,jposen8w@issuu.com,San Antonio,1/4/2026
Faustina,Moquin,fmoquin8x@oakley.com,Quelimane,4/28/2026
Anett,Hollow,ahollow8y@indiatimes.com,Titay,12/23/2025
Christa,MacMenamie,cmacmenamie8z@adobe.com,Nghi Xuân,2/8/2026
Philip,Nordass,pnordass90@disqus.com,Lazaro Cardenas,12/8/2025
Toddie,Vogelein,tvogelein91@github.com,Zwolle,12/24/2025
Edd,Collcott,ecollcott92@bandcamp.com,San Felipe,12/9/2025
Gregg,De la Harpe,gdelaharpe93@bbb.org,Divača,6/22/2025
Clarisse,O' Gara,cogara94@google.co.jp,Fontvieille,7/10/2025
Bayard,Walmsley,bwalmsley95@livejournal.com,Kafr Miṣr,2/1/2026
Rickie,Wattinham,rwattinham96@live.com,Popova,9/11/2025
Lettie,Stroyan,lstroyan97@aboutads.info,Arkalyk,3/25/2026
Vitia,Antecki,vantecki98@histats.com,Herīs,4/14/2026
Ephrayim,Limprecht,elimprecht99@miibeian.gov.cn,Kabar Utara,1/27/2026
Connie,Costen,ccosten9a@rambler.ru,Grenoble,7/19/2025
Kessiah,Lewnden,klewnden9b@php.net,Leuburi,7/1/2025
Ludovico,Elbourne,lelbourne9c@wsj.com,Ningyang,10/15/2025
Parke,Lacoste,placoste9d@wikipedia.org,Buur Gaabo,4/24/2026
Anselm,Chainey,achainey9e@meetup.com,Bārah,6/9/2025
Rey,Garrood,rgarrood9f@networksolutions.com,Thul,11/25/2025
Raymund,Bodell,rbodell9g@printfriendly.com,Sychëvo,5/8/2025
Witty,Rzehor,wrzehor9h@google.pl,Fujia,6/28/2025
Abbi,Starsmeare,astarsmeare9i@github.com,Křížová,1/30/2026
Pierrette,Parsonson,pparsonson9j@gov.uk,Krajan Nglinggis,5/26/2025
Fay,Richarson,fricharson9k@home.pl,Baraçais,11/14/2025
Sheree,Creenan,screenan9l@macromedia.com,União,11/28/2025
Ferdie,Hymers,fhymers9m@nsw.gov.au,Cassilândia,10/30/2025
Birk,Franceschi,bfranceschi9n@reuters.com,Kariya,8/30/2025
Bertie,Kike,bkike9o@bizjournals.com,Agua Blanca,7/26/2025
Gabriella,Haney,ghaney9p@cnn.com,Nālchiti,12/21/2025
Brod,Pieroni,bpieroni9q@utexas.edu,Palaiochóri,10/11/2025
Josie,Allday,jallday9r@4shared.com,Hongguang,11/30/2025
Wilona,Trodd,wtrodd9s@japanpost.jp,Weizhou,5/23/2025
Seymour,Outhwaite,southwaite9t@gnu.org,Novo Horizonte,9/15/2025
Druci,Schutt,dschutt9u@google.fr,Jiangkou,1/10/2026
Giles,Kennan,gkennan9v@howstuffworks.com,Orlovo,6/5/2025
Eliza,Whannel,ewhannel9w@slate.com,Ibiporã,1/11/2026
Tabbatha,Fleay,tfleay9x@ycombinator.com,Dehī,1/14/2026
Helen-elizabeth,Marlor,hmarlor9y@ted.com,Bor Tungge,12/29/2025
Christoph,aManger,camanger9z@accuweather.com,Omigawa,11/3/2025
Quill,MacRedmond,qmacredmonda0@wikispaces.com,Kaparéllion,8/31/2025
Mirabelle,Prozillo,mprozilloa1@trellian.com,San Agustín Acasaguastlán,1/16/2026
Emelina,Currm,ecurrma2@miibeian.gov.cn,Lākshām,11/18/2025
Gilemette,Pietzner,gpietznera3@hc360.com,Kavarna,10/8/2025
Eleen,Serjeantson,eserjeantsona4@army.mil,Migrate,6/20/2025
Smith,Jamieson,sjamiesona5@is.gd,Kananya,11/29/2025
Jillayne,Crouch,jcroucha6@techcrunch.com,Bohutín,1/26/2026
Mignonne,Clapham,mclaphama7@bloomberg.com,Virginia Beach,2/2/2026
Blake,Berrie,bberriea8@samsung.com,Kåge,12/4/2025
Garrott,Muldoon,gmuldoona9@ow.ly,Karsin,11/24/2025
Waldo,Pyper,wpyperaa@jugem.jp,Bang Nam Priao,11/18/2025
Gaspard,Charman,gcharmanab@wordpress.com,Várzea da Palma,9/7/2025
Daren,Gledhill,dgledhillac@sakura.ne.jp,Lanjaghbyur,4/11/2026
Helen-elizabeth,Glyn,hglynad@microsoft.com,Bergamo,5/19/2025
Martita,Fyrth,mfyrthae@mapquest.com,Malakhovka,12/24/2025
Stefanie,Buckmaster,sbuckmasteraf@newsvine.com,Pogorzyce,12/18/2025
Austina,Prynne,aprynneag@army.mil,Heshengbao,6/11/2025
Fletcher,Impey,fimpeyah@diigo.com,Semiletka,7/12/2025
Viviene,Fladgate,vfladgateai@shop-pro.jp,Đình Lập,8/31/2025
Gery,Vischi,gvischiaj@youku.com,Krosno Odrzańskie,11/14/2025
Brianne,Bolte,bbolteak@linkedin.com,Huangsha,11/17/2025
Valdemar,Cleaton,vcleatonal@trellian.com,Quinua,8/3/2025
Corbie,Assad,cassadam@nyu.edu,Qingminghe,12/11/2025
Andy,Gorey,agoreyan@cdc.gov,Bijie,9/11/2025
Rebekah,Colleymore,rcolleymoreao@google.cn,Kundung,5/24/2025
Abigael,Dyball,adyballap@walmart.com,Bigoudine,1/13/2026
Yanaton,Astley,yastleyaq@google.pl,Wuxia,1/17/2026
Daffie,Eatttok,deatttokar@yellowpages.com,Beslan,5/7/2025
Stanislas,Stodd,sstoddas@blogspot.com,Muktāgācha,1/17/2026
Stanwood,Buckingham,sbuckinghamat@behance.net,Cacocum,10/24/2025
Ralina,Caulket,rcaulketau@utexas.edu,Cruz Alta,5/12/2025
Alaine,Averies,aaveriesav@smugmug.com,Santo Niño,11/25/2025
Peggie,Fuzzens,pfuzzensaw@tmall.com,Yuli,8/31/2025
Vittoria,Giacometti,vgiacomettiax@nasa.gov,Sandaotong,7/11/2025
Kelsey,Craig,kcraigay@washington.edu,Żebbuġ,10/27/2025
Jerrylee,Sturdey,jsturdeyaz@opera.com,Bantacan,1/31/2026
Marian,Larciere,mlarciereb0@nbcnews.com,Leeuwarden,8/20/2025
Hanni,Rowlin,hrowlinb1@blinklist.com,Zaytā Jammā‘īn,6/18/2025
Celia,Bannard,cbannardb2@ifeng.com,Železný Brod,6/16/2025
Phylys,Bainbridge,pbainbridgeb3@google.com,Ngala,10/9/2025
Maryrose,Shillabeer,mshillabeerb4@cmu.edu,Olenegorsk,1/27/2026
Hanson,Grinyov,hgrinyovb5@mayoclinic.com,Caijiazha,9/26/2025
Sarge,Ventom,sventomb6@vimeo.com,Kushchëvskaya,2/12/2026
Karoline,Dubock,kdubockb7@macromedia.com,Outjo,6/16/2025
Jacquelynn,Eynaud,jeynaudb8@wikipedia.org,Osypenko,9/28/2025
Devonne,Stalf,dstalfb9@washington.edu,Newark,6/22/2025
Prue,Deinert,pdeinertba@sbwire.com,Covas da Raposa,8/12/2025
Kathleen,Imbrey,kimbreybb@unc.edu,Ubiaja,5/3/2026
Ab,Niset,anisetbc@rediff.com,La Asunción,1/12/2026
Raffaello,Halpin,rhalpinbd@flickr.com,Yantian,10/29/2025
Godart,Danielovitch,gdanielovitchbe@bloglines.com,Köln,12/29/2025
Cathrin,Balma,cbalmabf@cdbaby.com,Puning,1/23/2026
Deanne,Ruddock,druddockbg@sun.com,Anding,10/2/2025
Jimmie,Mongain,jmongainbh@last.fm,Tiandiba,8/23/2025
Alyse,Birdwistle,abirdwistlebi@wikipedia.org,Liren,5/8/2025
Welch,Ockendon,wockendonbj@drupal.org,Novi Beograd,2/4/2026
Birk,Yannikov,byannikovbk@photobucket.com,La Ravoire,7/31/2025
Sheilah,Bourrel,sbourrelbl@cloudflare.com,Lianyun,1/5/2026
Norean,Jatczak,njatczakbm@mediafire.com,Kremenets’,2/19/2026
Sutherland,Such,ssuchbn@google.co.uk,Hedi,2/21/2026
Gabriel,Robson,grobsonbo@alexa.com,Curuggoong,9/28/2025
Ozzie,Linck,olinckbp@npr.org,Luoping,8/5/2025
Addy,Malling,amallingbq@xrea.com,Jiuhu,7/10/2025
Emelen,Leftly,eleftlybr@apache.org,Североморск-3,8/10/2025
Aurelea,Burrill,aburrillbs@printfriendly.com,Denton,10/10/2025
Amie,Baal,abaalbt@surveymonkey.com,Dayong,7/28/2025
Guinevere,Dannell,gdannellbu@cpanel.net,Białośliwie,2/13/2026
Valeda,Haryngton,vharyngtonbv@edublogs.org,Shkodër,7/18/2025
Anett,Tight,atightbw@xinhuanet.com,Xinjiezi,11/4/2025
Linea,Tunna,ltunnabx@sciencedaily.com,Saitama,11/10/2025
Auberta,Reddihough,areddihoughby@quantcast.com,Jeong,3/15/2026
Levy,Shimwall,lshimwallbz@hatena.ne.jp,Dabagou,7/27/2025
Dorian,Shobrook,dshobrookc0@timesonline.co.uk,Aknīste,8/12/2025
Livvyy,Bleasdille,lbleasdillec1@xing.com,Campo Formoso,9/18/2025
Freemon,Dooher,fdooherc2@baidu.com,Burhānuddin,6/9/2025
Gerta,Borel,gborelc3@cdc.gov,Jiangbei,4/27/2026
Reade,Farnill,rfarnillc4@ameblo.jp,Inashiki,7/13/2025
Alejandra,Sillitoe,asillitoec5@skype.com,Sosnowiec,10/5/2025
Koralle,MacPharlain,kmacpharlainc6@deviantart.com,Lubao,4/10/2026
Skell,Pigot,spigotc7@statcounter.com,Toyama-shi,6/12/2025
Stormie,Marshland,smarshlandc8@comsenz.com,Córdoba,11/7/2025
Del,Shewon,dshewonc9@photobucket.com,Kuleqi,7/30/2025
Nettie,Murby,nmurbyca@surveymonkey.com,Klole,6/20/2025
Cobb,Stooke,cstookecb@blog.com,Riangwale,5/14/2025
Wainwright,Adrianello,wadrianellocc@independent.co.uk,Guazhou,5/23/2025
Garik,Darnbrough,gdarnbroughcd@whitehouse.gov,Marki,2/19/2026
Kendricks,Espina,kespinace@barnesandnoble.com,Nobres,6/5/2025
Rosemary,Gianuzzi,rgianuzzicf@ebay.com,Sokol,4/29/2026
Cicely,Caulwell,ccaulwellcg@globo.com,Feni,7/22/2025
Benni,Giordano,bgiordanoch@sciencedirect.com,Krzczonów,11/11/2025
Faulkner,Leare,fleareci@yahoo.co.jp,Obubra,4/27/2026
Silvain,Ruckman,sruckmancj@amazon.co.uk,Raleigh,8/4/2025
Octavia,Olexa,oolexack@scribd.com,Ludishan,4/15/2026
Michel,Keelin,mkeelincl@dot.gov,Corinto,6/30/2025
Bette-ann,Gatrill,bgatrillcm@bizjournals.com,Xiangjia,1/31/2026
Adel,McNeilley,amcneilleycn@chicagotribune.com,Wolomoni,10/24/2025
Modesty,Drakeley,mdrakeleyco@who.int,Benhao,1/22/2026
Gussy,Densey,gdenseycp@washington.edu,Xichang,12/26/2025
Marlyn,Sydall,msydallcq@ameblo.jp,Kamaishi,12/2/2025
Georgianna,Wenderott,gwenderottcr@squidoo.com,Sumpur Kudus,6/16/2025
Berthe,Dorran,bdorrancs@marketwatch.com,Hufang,11/8/2025
Deina,Bucham,dbuchamct@skyrock.com,Yixin,11/8/2025
Elyse,Stitle,estitlecu@lycos.com,Mojoroto,6/29/2025
Rebeca,Shedd,rsheddcv@ucsd.edu,Nyzhni Sirohozy,8/30/2025
Herve,Willox,hwilloxcw@behance.net,Goiatuba,3/22/2026
Amby,Bremner,abremnercx@xinhuanet.com,São Francisco,1/24/2026
Luella,Thormwell,lthormwellcy@theglobeandmail.com,Krasnoye,10/9/2025
Wain,Corstorphine,wcorstorphinecz@about.com,Zhanjiang,9/21/2025
Tabbie,Danby,tdanbyd0@answers.com,San Ramon,7/18/2025
Sunshine,Castlake,scastlaked1@acquirethisname.com,Kista,4/12/2026
Mack,Barajaz,mbarajazd2@msn.com,Thabazimbi,7/2/2025
Lindon,Hellin,lhellind3@seesaa.net,Mingjiu,12/11/2025
Kassi,Sidworth,ksidworthd4@bbb.org,Cikandang,12/30/2025
Ferrell,McIlvoray,fmcilvorayd5@homestead.com,Barurao,10/16/2025
Raul,Shakesbye,rshakesbyed6@dailymotion.com,Visoko,11/15/2025
Peyter,Kline,pklined7@seesaa.net,La Julia,7/16/2025
Alisa,Cartan,acartand8@cbc.ca,Drochia,11/19/2025
Margot,Arnell,marnelld9@slate.com,Bogandinskiy,2/4/2026
Barclay,Lubomirski,blubomirskida@posterous.com,Al Qurḩ,6/3/2025
Kat,Bewicke,kbewickedb@cdbaby.com,Zamora,4/12/2026
Rahal,Ansley,ransleydc@people.com.cn,Sambirobyong,8/14/2025
Sharia,Crighton,scrightondd@apache.org,Kalayemule,1/21/2026
Garvey,Iles,gilesde@fda.gov,Porteirinha,5/19/2025
Maggie,Ferrino,mferrinodf@vistaprint.com,Tambarangan,11/15/2025
Genna,Cuckoo,gcuckoodg@netscape.com,Wonda,3/29/2026
Inez,Everal,ieveraldh@hubpages.com,Bojonggenteng,2/11/2026
Phylys,Elsmore,pelsmoredi@shop-pro.jp,Guicheng,8/17/2025
Terry,Vennard,tvennarddj@virginia.edu,Batal,6/6/2025
Feliks,Elnough,felnoughdk@stanford.edu,Tarica,9/15/2025
Marnie,Harsent,mharsentdl@so-net.ne.jp,Yengiawat,5/27/2025
Geoffry,Palek,gpalekdm@va.gov,Huaizhong,5/27/2025
Leann,Farish,lfarishdn@e-recht24.de,Leppävirta,6/26/2025
Jody,Gribben,jgribbendo@dyndns.org,Taosha,7/4/2025
Miquela,Endrici,mendricidp@cnn.com,Birni N Konni,1/18/2026
Ardath,Seston,asestondq@purevolume.com,Ros’,6/2/2025
Vanessa,Heath,vheathdr@taobao.com,Dongcun,9/16/2025
Miquela,Stansall,mstansallds@ucla.edu,Florida,1/13/2026
Fayth,Jeyness,fjeynessdt@surveymonkey.com,Kavarna,1/10/2026
Kip,Wray,kwraydu@wordpress.org,Orléans,11/2/2025
Julissa,Rames,jramesdv@amazonaws.com,Bor Ondor,5/5/2025
Bonnibelle,Magenny,bmagennydw@free.fr,Naga,11/19/2025
Modesty,Loughan,mloughandx@dailymotion.com,Karabanovo,10/28/2025
Keeley,Stronach,kstronachdy@weebly.com,Bistrinci,9/24/2025
Caron,Sarre,csarredz@umn.edu,Shiziling,12/20/2025
Alfonso,Genn,agenne0@engadget.com,Shangyuan,12/3/2025
Nickie,Kibble,nkibblee1@squidoo.com,Henggouqiao,4/16/2026
Morton,Punch,mpunche2@go.com,Novoselë,4/25/2026
Barty,Janous,bjanouse3@deliciousdays.com,Miras,12/2/2025
Edvard,Bertome,ebertomee4@dot.gov,Yatsuomachi-higashikumisaka,6/12/2025
Zarla,Ganford,zganforde5@blogs.com,Lüjiabao,6/11/2025
Adlai,Carus,acaruse6@is.gd,San Miguel del Padrón,5/25/2025
Carla,Gutridge,cgutridgee7@sun.com,Funabashi,12/11/2025
Ric,Furlow,rfurlowe8@chronoengine.com,São João del Rei,8/9/2025
Rollie,Bottelstone,rbottelstonee9@flavors.me,Szlachta,7/15/2025
Idell,Crowest,icrowestea@cnet.com,Angelochóri,10/26/2025
Fons,Penticost,fpenticosteb@blogspot.com,Popil'nya,10/6/2025
Ethelyn,Cleminshaw,ecleminshawec@reuters.com,Pedro García,10/29/2025
Dorothee,Shipley,dshipleyed@berkeley.edu,Sebulu,9/15/2025
Garrek,Orkney,gorkneyee@theguardian.com,Tuburan,12/28/2025
Thornie,Desmond,tdesmondef@trellian.com,Krouna,8/26/2025
Merissa,Lyne,mlyneeg@printfriendly.com,Xinyu,6/22/2025
Dannye,Atwool,datwooleh@typepad.com,San José,11/19/2025
Vanni,Stackbridge,vstackbridgeei@free.fr,Paris 03,1/12/2026
Basile,Cuffe,bcuffeej@blogspot.com,Singida,8/31/2025
Gerald,Seamans,gseamansek@cbslocal.com,Tangzhuang,4/11/2026
Ogdon,Geke,ogekeel@google.co.jp,Kallithéa,1/12/2026
Oran,Lambrook,olambrookem@tripod.com,Bella Vista,11/30/2025
Jami,Murtagh,jmurtaghen@usa.gov,Lin’an,5/24/2025
Stella,Cash,scasheo@ameblo.jp,Renhe,2/3/2026
Adrianna,McClory,amccloryep@ebay.co.uk,Vrede,3/22/2026
Alejandra,Waylett,awayletteq@gov.uk,Tayirove,12/2/2025
Desdemona,Beirne,dbeirneer@jugem.jp,Uralo-Kavkaz,11/18/2025
Webb,Jacop,wjacopes@jiathis.com,Västervik,1/12/2026
Dorotea,Copcott,dcopcottet@posterous.com,Corumbá,10/4/2025
Leese,Copp,lcoppeu@a8.net,Fukuroi,5/27/2025
Dianna,Avramovic,davramovicev@ox.ac.uk,Zhonghuopu,4/14/2026
Dulcine,Crimes,dcrimesew@cisco.com,Zbąszyń,5/20/2025
Welbie,Fosken,wfoskenex@adobe.com,Wufeng,4/7/2026
Annabal,Rosencrantz,arosencrantzey@flavors.me,Longquan,1/25/2026
Nyssa,Longstaffe,nlongstaffeez@google.es,Xinsheng,7/16/2025
Prince,Lafont,plafontf0@howstuffworks.com,Stalbe,6/22/2025
Carmine,Antham,canthamf1@uiuc.edu,Alor Setar,11/7/2025
Blane,Tanswell,btanswellf2@amazon.co.uk,Takikawa,12/9/2025
Ulick,Whilder,uwhilderf3@europa.eu,Faqqū‘ah,7/12/2025
Hillyer,LaBastida,hlabastidaf4@mac.com,Wysoka,2/6/2026
Lianne,Kaasmann,lkaasmannf5@google.nl,Ribeirinha,3/15/2026
Kristo,Siddaley,ksiddaleyf6@tumblr.com,Homagama,7/4/2025
Leland,Braidon,lbraidonf7@ow.ly,Horodnytsya,9/21/2025
Antin,Prugel,aprugelf8@biblegateway.com,Piteå,11/23/2025
Hanna,Basset,hbassetf9@youtu.be,Tuupovaara,2/17/2026
Gib,Furbank,gfurbankfa@plala.or.jp,Villa Cañás,11/29/2025
Jessi,Ponter,jponterfb@house.gov,Mizhou,6/12/2025
Arlee,Skelton,askeltonfc@deliciousdays.com,Roudnice nad Labem,7/18/2025
Koral,Crocombe,kcrocombefd@twitpic.com,Mīrābād,9/3/2025
Rudy,Crippen,rcrippenfe@weebly.com,Patrang,2/9/2026
Mordecai,Desquesnes,mdesquesnesff@cnet.com,Merton,9/9/2025
Shane,Foffano,sfoffanofg@amazonaws.com,Sóc Trăng,3/20/2026
Juliann,Matissoff,jmatissofffh@sakura.ne.jp,Woippy,4/18/2026
Silvan,Pote,spotefi@slashdot.org,Mishima,5/5/2025
Lita,Greenland,lgreenlandfj@i2i.jp,Mesopotam,9/16/2025
Kerrie,Wais,kwaisfk@people.com.cn,Thabazimbi,12/1/2025
Henri,Arnolds,harnoldsfl@bandcamp.com,Gierałtowice,5/14/2025
Alfie,Guidotti,aguidottifm@soundcloud.com,Yishi,3/7/2026
Merna,Roff,mrofffn@google.es,Smiths Falls,9/15/2025
Gene,Retchless,gretchlessfo@mayoclinic.com,Nikopol’,10/11/2025
Rollie,Dener,rdenerfp@omniture.com,Oytal,6/19/2025
Tove,Stoite,tstoitefq@goo.ne.jp,Tsuruoka,2/19/2026
Anna-maria,Fontaine,afontainefr@prnewswire.com,Skrzyszów,9/10/2025
Webster,Ackenson,wackensonfs@scientificamerican.com,Rabig,12/21/2025
Joyann,Muress,jmuressft@indiatimes.com,Buket Teukuh,1/15/2026
Kelwin,Logg,kloggfu@phoca.cz,San Juan,3/8/2026
Francois,Moy,fmoyfv@earthlink.net,Takanini,2/14/2026
Valentijn,Raselles,vrasellesfw@europa.eu,Cisadap,12/29/2025
Mendel,Brewin,mbrewinfx@businesswire.com,Ar Rumaythah,9/7/2025
Hercules,Vertey,hverteyfy@whitehouse.gov,Tai’an,7/22/2025
Domenic,Hurtado,dhurtadofz@sohu.com,Togitsu,10/13/2025
Tisha,Dayborne,tdayborneg0@goo.gl,Taclobo,6/29/2025
Sutherlan,Boodle,sboodleg1@auda.org.au,Guangdu,3/3/2026
Norrie,Teffrey,nteffreyg2@naver.com,Llano de Piedra,3/25/2026
Janenna,Paula,jpaulag3@nasa.gov,Oranzherei,2/27/2026
Nels,Coleford,ncolefordg4@ustream.tv,Eloy Alfaro,2/13/2026
Demetris,Gors,dgorsg5@seesaa.net,Vittoriosa,8/1/2025
Kristi,Kinnen,kkinneng6@zdnet.com,Hatavch,2/7/2026
Friederike,Sinnocke,fsinnockeg7@slideshare.net,Palma De Mallorca,4/10/2026
Sherwynd,Kinahan,skinahang8@webmd.com,Dunmanway,11/9/2025
Franny,Baughn,fbaughng9@go.com,Sävsjö,2/23/2026
Winslow,Litzmann,wlitzmannga@rambler.ru,Kut Rang,6/7/2025
Rolf,MacCulloch,rmaccullochgb@qq.com,Bangued,7/18/2025
Estrella,Yewman,eyewmangc@answers.com,Punta Hermosa,7/27/2025
Zahara,Sherburn,zsherburngd@army.mil,Gampang,1/25/2026
Darleen,Trewin,dtrewinge@friendfeed.com,Amherstburg,6/29/2025
Linnell,Linnane,llinnanegf@netscape.com,Zaoxi,3/19/2026
Debbi,Chatel,dchatelgg@howstuffworks.com,Mempawah,9/10/2025
Benjy,Staton,bstatongh@fc2.com,Dubreuil,12/23/2025
Sari,Paliser,spalisergi@shareasale.com,Tulsa,6/1/2025
Luz,Hannaway,lhannawaygj@virginia.edu,Ryūgasaki,2/21/2026
Lanny,Eppson,leppsongk@buzzfeed.com,Valinhos,10/29/2025
Larry,Bartoli,lbartoligl@disqus.com,Sidowayah Lor,7/14/2025
Nero,Heynen,nheynengm@sohu.com,Sargodha,10/12/2025
Timothea,Abraham,tabrahamgn@weather.com,Limoeiro do Ajuru,4/22/2026
Dixie,Thraves,dthravesgo@sciencedaily.com,Maltahöhe,10/21/2025
Daphne,Facchini,dfacchinigp@myspace.com,Xekar,11/9/2025
Marilyn,Enevoldsen,menevoldsengq@sciencedaily.com,Stockholm,8/23/2025
Delcine,Richter,drichtergr@eventbrite.com,Tarsouat,2/24/2026
Marcello,Birdfield,mbirdfieldgs@tinypic.com,Thị Trấn Mù Cang Chải,2/16/2026
Cyril,Basill,cbasillgt@cpanel.net,Martinlongo,12/16/2025
Blaire,MacClancey,bmacclanceygu@slate.com,Jiangkou,4/19/2026
Corby,Noton,cnotongv@barnesandnoble.com,Yurimaguas,11/28/2025
Jerrine,Gaggen,jgaggengw@freewebs.com,Jesús María,4/19/2026
Anson,Keasy,akeasygx@wunderground.com,Gempol,10/29/2025
Silvan,Worsom,sworsomgy@51.la,Babao,6/9/2025
Nolie,Victory,nvictorygz@hatena.ne.jp,Wenqiao,6/2/2025
Tome,Duerden,tduerdenh0@jugem.jp,Hudong,6/25/2025
Kean,Krollman,kkrollmanh1@princeton.edu,Sa Pá,11/12/2025
Hadlee,Douglas,hdouglash2@upenn.edu,Sepatan,12/16/2025
Venus,Sealey,vsealeyh3@amazonaws.com,Sainte-Thérèse,12/19/2025
Abbey,Goldster,agoldsterh4@xinhuanet.com,Kīevka,5/13/2025
Nadean,Mangon,nmangonh5@live.com,Peñal,10/2/2025
Rufe,Cudworth,rcudworthh6@adobe.com,Talisay,10/22/2025
Gladys,Darracott,gdarracotth7@livejournal.com,Peña,7/14/2025
Page,Gooley,pgooleyh8@home.pl,Bamban,5/15/2025
Maddy,Doding,mdodingh9@artisteer.com,Doghs,7/6/2025
Berty,Auden,baudenha@storify.com,Tahala,5/24/2025
Erica,Bartoloma,ebartolomahb@ow.ly,Cigenca,11/24/2025
Tabbie,Tripe,ttripehc@deliciousdays.com,Leles,10/15/2025
Lia,Holywell,lholywellhd@ucla.edu,Lubango,5/1/2026
Tildie,Rowland,trowlandhe@redcross.org,Oka,4/12/2026
Tait,Perri,tperrihf@latimes.com,Cergy-Pontoise,10/12/2025
Rhodia,Clack,rclackhg@abc.net.au,Kitāf,7/6/2025
Babette,Giacovetti,bgiacovettihh@nba.com,Helsingborg,1/12/2026
Stanwood,Pankettman,spankettmanhi@nih.gov,Valle de Guanape,2/26/2026
Hilda,Pinfold,hpinfoldhj@youtube.com,Soisy-sous-Montmorency,9/4/2025
Frans,Rosenblad,frosenbladhk@google.com.au,Linggou,3/28/2026
Linda,Vertey,lverteyhl@xinhuanet.com,Mahdishahr,6/5/2025
Wittie,Daynter,wdaynterhm@ted.com,Złotów,12/25/2025
Alejandra,Englefield,aenglefieldhn@skype.com,Marinhais,12/17/2025
Harlie,Cardoe,hcardoeho@psu.edu,Lifuta,7/8/2025
Zeke,Staig,zstaighp@cdbaby.com,Thaon-les-Vosges,12/11/2025
Manuel,Dyers,mdyershq@miibeian.gov.cn,Ciengang,11/5/2025
Timmi,Michin,tmichinhr@mac.com,Essen,10/16/2025
Caz,Piddick,cpiddickhs@redcross.org,Huaqiao,8/7/2025
Audrey,Oxtoby,aoxtobyht@oracle.com,Temandangjero,9/29/2025
Sharline,Potkins,spotkinshu@home.pl,Tullinge,1/18/2026
Ody,Jado,ojadohv@sourceforge.net,Yamoussoukro,11/8/2025
Inger,Pedden,ipeddenhw@hp.com,Sumberejo,4/5/2026
Gerrilee,Huzzey,ghuzzeyhx@webeden.co.uk,Wapno,2/21/2026
Giorgia,Korlat,gkorlathy@csmonitor.com,Huayang,1/8/2026
Christie,Awde,cawdehz@ning.com,Duogongma,7/1/2025
Neysa,Yukhnev,nyukhnevi0@tiny.cc,Naas,2/18/2026
Adeline,Hellings,ahellingsi1@census.gov,Florencia,11/9/2025
Jaine,Pedracci,jpedraccii2@webnode.com,Dadus,1/8/2026
Debra,Itzkowicz,ditzkowiczi3@wunderground.com,Bani,12/25/2025
Ealasaid,Pinnock,epinnocki4@seattletimes.com,Ombarade,10/6/2025
Katherina,Greenroyd,kgreenroydi5@microsoft.com,Jardim do Seridó,7/28/2025
Cliff,Realff,crealffi6@spotify.com,Kansas City,2/4/2026
Silvanus,Daintith,sdaintithi7@sina.com.cn,Berlin,6/9/2025
Herve,Gillon,hgilloni8@arstechnica.com,Matsubara,3/4/2026
Berny,Nabbs,bnabbsi9@mashable.com,Antimácheia,6/23/2025
Robert,Diego,rdiegoia@ucla.edu,K’ulashi,1/10/2026
Benji,Claughton,bclaughtonib@businessweek.com,Aguachica,2/6/2026
Lind,Labusquiere,llabusquiereic@usatoday.com,Somita,6/5/2025
Klaus,Gregoire,kgregoireid@oracle.com,Chakari,9/23/2025
Cornie,Barniss,cbarnissie@nymag.com,Rio Covo,9/28/2025
Fielding,Yashunin,fyashuninif@nhs.uk,Caracol,3/6/2026
Chrysa,Iacabucci,ciacabucciig@godaddy.com,Chengxi,3/1/2026
Trixy,Westpfel,twestpfelih@posterous.com,Nangka,5/1/2026
Starla,Spaduzza,sspaduzzaii@surveymonkey.com,Yarabamba,1/20/2026
Blithe,O'Kinneally,bokinneallyij@techcrunch.com,Shiban,4/19/2026
Conney,Gaiford,cgaifordik@joomla.org,Magang,10/31/2025
Bettye,Blastock,bblastockil@hibu.com,Busay,5/31/2025
Teddie,Balassa,tbalassaim@wordpress.com,Wangjiaping,3/18/2026
Felicio,Rimes,frimesin@flickr.com,Parion,1/21/2026
Lily,Baldin,lbaldinio@blogtalkradio.com,Wonosobo,9/16/2025
Nicolea,Mundy,nmundyip@ft.com,Maduao,3/27/2026
Bettye,Gurry,bgurryiq@slashdot.org,Houxixi,7/19/2025
Lorene,Massenhove,lmassenhoveir@unicef.org,Tosno,2/2/2026
Nola,Nares,nnaresis@whitehouse.gov,Sastöbe,8/11/2025
Amber,Blucher,ablucherit@google.com,Hengjie,6/22/2025
Ibby,MacKellar,imackellariu@wufoo.com,Bcharré,8/5/2025
Sauncho,Feighney,sfeighneyiv@squarespace.com,Caçapava,8/1/2025
Tomlin,De Francisci,tdefrancisciiw@infoseek.co.jp,Jaen,12/16/2025
Mildrid,Tatnell,mtatnellix@parallels.com,Lijiazui,7/9/2025
Kelsi,Stanbridge,kstanbridgeiy@ox.ac.uk,Molave,5/4/2025
Arden,Breem,abreemiz@sbwire.com,Tungao,12/25/2025
Calida,Islep,cislepj0@parallels.com,Salingogan,11/10/2025
Pascal,Furber,pfurberj1@taobao.com,Hetian,11/1/2025
Karalee,Coveley,kcoveleyj2@auda.org.au,Semeljci,4/17/2026
Emeline,Craddy,ecraddyj3@posterous.com,Kadengan,7/6/2025
Salome,Peery,speeryj4@hubpages.com,Gračac,12/5/2025
Edin,Smalman,esmalmanj5@facebook.com,Tungguwaneng,11/30/2025
Bibi,Videler,bvidelerj6@acquirethisname.com,Huzhuang,1/26/2026
William,Davydenko,wdavydenkoj7@cbslocal.com,Valašská Polanka,2/24/2026
Sileas,Jaquin,sjaquinj8@oakley.com,Qionghai,8/31/2025
Nanine,Keyzor,nkeyzorj9@devhub.com,Huangtukuang,2/21/2026
Deb,Gozzard,dgozzardja@auda.org.au,Cahuanuyo,12/27/2025
Gae,Bonsey,gbonseyjb@ebay.co.uk,Sävedalen,5/27/2025
Deanna,Jouning,djouningjc@wikipedia.org,São Tomé,12/15/2025
Shelly,Matteacci,smatteaccijd@dot.gov,Almere Stad,3/14/2026
Vicki,Jurek,vjurekje@bloglines.com,Paris 11,2/21/2026
Tammie,Charette,tcharettejf@yahoo.co.jp,Rājo Khanāni,3/10/2026
Faunie,Pattrick,fpattrickjg@devhub.com,Almirante,7/2/2025
Ianthe,Milner,imilnerjh@weibo.com,Jalatrang,6/17/2025
Tatiana,Blowen,tblowenji@adobe.com,Osório,8/2/2025
Townie,Rodden,troddenjj@psu.edu,Yamaga,6/16/2025
Kristin,Marishenko,kmarishenkojk@tmall.com,Hobor,9/8/2025
Marlee,Ladbury,mladburyjl@rediff.com,Pengbu,10/30/2025
Carlee,Ledington,cledingtonjm@youtube.com,Oetua,1/20/2026
Katya,Planque,kplanquejn@webmd.com,Igreja,12/21/2025
Shamus,Dudmarsh,sdudmarshjo@businessweek.com,Hrodna,9/20/2025
Neely,Cudde,ncuddejp@tiny.cc,Schirmeck,3/15/2026
Beulah,Whiskin,bwhiskinjq@washington.edu,Shirokaya Rechka,9/21/2025
Hallsy,Kundert,hkundertjr@businessweek.com,Jamaica,11/1/2025
Artur,Brambill,abrambilljs@vkontakte.ru,Sumalig,7/3/2025
Kellina,Clandillon,kclandillonjt@elpais.com,Mulong,10/31/2025
Freedman,Livzey,flivzeyju@artisteer.com,Capitán Sarmiento,3/26/2026
Cahra,Elnough,celnoughjv@cdbaby.com,San Felipe Old,2/28/2026
Bastian,Minter,bminterjw@moonfruit.com,Litvínovice,7/1/2025
Jean,Edinborough,jedinboroughjx@comsenz.com,Gävle,8/31/2025
Happy,Grenville,hgrenvillejy@bbc.co.uk,Fangcun,10/18/2025
Sigmund,Shavel,sshaveljz@phoca.cz,Ciudad Bolivia,11/10/2025
Maritsa,Cutford,mcutfordk0@comsenz.com,Nartkala,7/12/2025
Carlin,Keen,ckeenk1@businessweek.com,Sritanjung,8/13/2025
Fredia,Loftin,floftink2@google.nl,Gaotang,9/25/2025
Sol,Brumbye,sbrumbyek3@quantcast.com,Al Ghuwayrīyah,8/22/2025
Wyn,Ferran,wferrank4@cdc.gov,Camp Thorel,2/24/2026
Lydon,Clulow,lclulowk5@storify.com,Bradford,3/3/2026
Ferdinanda,Harrison,fharrisonk6@state.tx.us,Aizhai,12/23/2025
Luci,Hansom,lhansomk7@photobucket.com,Jawl al Majma‘,4/26/2026
Deane,Coupe,dcoupek8@123-reg.co.uk,Rio das Ostras,12/21/2025
Alexine,McIlwraith,amcilwraithk9@reverbnation.com,Huashu,7/4/2025
Florance,Ocheltree,focheltreeka@upenn.edu,Burujul,1/1/2026
Missy,Radsdale,mradsdalekb@networksolutions.com,Wuqiao,8/1/2025
Monro,McMichell,mmcmichellkc@latimes.com,Sult,7/8/2025
Bernadene,Pocklington,bpocklingtonkd@ycombinator.com,Oka,9/3/2025
Donielle,Mandre,dmandreke@abc.net.au,Starobin,6/21/2025
Paola,Oake,poakekf@purevolume.com,Devon,2/2/2026
Xenia,Andreini,xandreinikg@canalblog.com,Bileća,1/6/2026
Abraham,Wegman,awegmankh@aboutads.info,Pallasovka,4/10/2026
Ermin,Wrightim,ewrightimki@4shared.com,Kanáli,9/19/2025
Collie,Ambresin,cambresinkj@nydailynews.com,Mahaplag,3/6/2026
Kaitlyn,Offiler,koffilerkk@prlog.org,Kawalimukti,4/13/2026
Jedidiah,Mozzetti,jmozzettikl@globo.com,Zwolle,9/9/2025
Collete,Roberti,crobertikm@google.com.au,Sembabule,2/14/2026
Perren,Szymanowicz,pszymanowiczkn@infoseek.co.jp,Santa Monica,6/19/2025
Daloris,Filimore,dfilimoreko@storify.com,Francisco I Madero,6/8/2025
Clara,Concannon,cconcannonkp@hc360.com,Quitilipi,1/25/2026
Langston,Coupland,lcouplandkq@statcounter.com,Ol’gino,11/13/2025
Roda,Figgs,rfiggskr@vinaora.com,Miaotou,10/12/2025
Dougy,Osboldstone,dosboldstoneks@google.co.uk,Tomohon,3/11/2026
Claudio,Boddymead,cboddymeadkt@github.io,Korenovsk,7/17/2025
Sybille,Grannell,sgrannellku@cdbaby.com,Krajan Kulon,9/8/2025
Kaylee,McArthur,kmcarthurkv@reverbnation.com,Itapeva,9/5/2025
Twila,Brockman,tbrockmankw@wisc.edu,Kuala Lumpur,9/21/2025
Elwyn,Camosso,ecamossokx@wordpress.com,Labinot-Mal,8/28/2025
Sheri,Leet,sleetky@technorati.com,Shujāābād,10/14/2025
Katrinka,Roseaman,kroseamankz@dot.gov,Rominimbang,3/24/2026
Leela,Frowen,lfrowenl0@google.com.au,Sepit,10/20/2025
Darrin,Divers,ddiversl1@chronoengine.com,Ketovo,2/10/2026
Dur,Musterd,dmusterdl2@liveinternet.ru,Tanjiaqiao,8/1/2025
Jerrold,Thornton,jthorntonl3@illinois.edu,Sa'dah,12/13/2025
Julee,Iddenden,jiddendenl4@msn.com,Goubétto,2/9/2026
Sophie,Dade,sdadel5@jimdo.com,Kasamwa,6/9/2025
Conney,Ruprechter,cruprechterl6@1688.com,Bello,12/16/2025
Faydra,Coda,fcodal7@dedecms.com,Bordeaux,6/19/2025
Perl,Clues,pcluesl8@nih.gov,Shuitian,6/21/2025
Norbie,Czyz,nczyzl9@senate.gov,Uhlove,8/3/2025
Anna-maria,Salzburg,asalzburgla@netlog.com,Bellavista,10/13/2025
Alejandro,Brignell,abrignelllb@sina.com.cn,Jinshan,12/15/2025
Baryram,Walenta,bwalentalc@wufoo.com,Baipu,7/17/2025
Evangelia,Aizikowitz,eaizikowitzld@so-net.ne.jp,Cumaná,7/2/2025
Sumner,Clappson,sclappsonle@exblog.jp,Spanish Wells,1/18/2026
Payton,McIlwrath,pmcilwrathlf@elegantthemes.com,Kihancha,12/3/2025
Pepillo,Geeve,pgeevelg@ebay.co.uk,Veguitas,9/9/2025
Octavius,Northcott,onorthcottlh@people.com.cn,Almaty,5/22/2025
Orin,Golby,ogolbyli@dyndns.org,San Jose,3/7/2026
Toiboid,Oakinfold,toakinfoldlj@bigcartel.com,Trinity,3/26/2026
Jayson,Harsnipe,jharsnipelk@cbc.ca,Kabinda,9/6/2025
Sibbie,Briggdale,sbriggdalell@biblegateway.com,Miasteczko Śląskie,9/11/2025
Flossi,Syncke,fsynckelm@oracle.com,Yanshi,3/1/2026
Johnna,Tregea,jtregealn@posterous.com,Cipunglu,9/27/2025
Patricia,Hofner,phofnerlo@reverbnation.com,San Pedro,9/9/2025
Alaine,Staneland,astanelandlp@webnode.com,Bemposta,9/6/2025
Domenic,Shelley,dshelleylq@digg.com,Pulautemiang,8/9/2025
Cristin,Mucklestone,cmucklestonelr@homestead.com,Koror,12/3/2025
Giacopo,Giacoppo,ggiacoppols@house.gov,Balingasag,5/18/2025
Mikaela,Mudge,mmudgelt@w3.org,José de Freitas,8/9/2025
Phineas,Sotheron,psotheronlu@example.com,Brwinów,12/10/2025
Westbrook,Crimp,wcrimplv@about.com,Pengxing,12/22/2025
Shaylynn,Filipov,sfilipovlw@yahoo.com,Maoqitun,4/22/2026
Celestia,Fulger,cfulgerlx@netscape.com,Křížová,6/25/2025
Humphrey,Lowy,hlowyly@java.com,Hermanus,9/7/2025
Grier,Haslock,ghaslocklz@nationalgeographic.com,San José,5/1/2026
Hilarius,Wreak,hwreakm0@msn.com,Dongsheng,4/6/2026
Uri,Matyja,umatyjam1@mit.edu,Příbor,11/30/2025
Zabrina,Radage,zradagem2@state.gov,Hwangju-ŭp,10/14/2025
Lefty,Bonanno,lbonannom3@boston.com,Üydzen,5/24/2025
Kurtis,Pennycook,kpennycookm4@issuu.com,Sikeshu,8/30/2025
Alexandre,Crock,acrockm5@hao123.com,Yangjia,5/1/2026
Inigo,Crow,icrowm6@thetimes.co.uk,Bagong Pagasa,3/22/2026
Irwin,Spellicy,ispellicym7@cpanel.net,Longhuashan,5/5/2025
Zack,Base,zbasem8@nhs.uk,Rosignol,11/18/2025
Courtney,Colicot,ccolicotm9@blogs.com,Irbit,7/22/2025
Emilie,McAllan,emcallanma@bluehost.com,Molodohvardiys’k,7/9/2025
Cary,Sygroves,csygrovesmb@discuz.net,Guanting,11/29/2025
Loren,Cubuzzi,lcubuzzimc@webnode.com,Thawat Buri,10/4/2025
Forster,Lambotin,flambotinmd@samsung.com,Rohia,4/4/2026
Lyman,Donaho,ldonahome@bandcamp.com,Tarouca,12/24/2025
Britni,Maiden,bmaidenmf@ihg.com,Piława Górna,8/11/2025
Laurent,Gameson,lgamesonmg@mtv.com,Nuoxizhi,11/27/2025
Towny,Whistlecraft,twhistlecraftmh@networksolutions.com,Tanggulangin,12/30/2025
Korry,Bulled,kbulledmi@aboutads.info,Dallas,6/12/2025
Nevins,Evreux,nevreuxmj@mail.ru,Miyata,5/9/2025
Cammi,Iorillo,ciorillomk@usatoday.com,Zhenshan,5/6/2025
Hildagarde,Balmforth,hbalmforthml@pinterest.com,Abricots,6/10/2025
Andre,Gemnett,agemnettmm@free.fr,Parychy,4/30/2026
Marilyn,Fishly,mfishlymn@yellowbook.com,Västra Frölunda,8/18/2025
Luci,Hull,lhullmo@storify.com,London,1/24/2026
Dynah,Beels,dbeelsmp@wix.com,Zaraza,3/9/2026
Georgeanna,Riccioppo,griccioppomq@yahoo.com,Bansalan,2/4/2026
Sibbie,Vasyatkin,svasyatkinmr@artisteer.com,Heqiao,1/1/2026
Natka,Fullerton,nfullertonms@meetup.com,Périgny,6/16/2025
Edwina,Mulloch,emullochmt@addthis.com,Banjarwaru,12/18/2025
Ruddy,Manus,rmanusmu@devhub.com,Sājir,6/14/2025
Shaina,MacCaghan,smaccaghanmv@lulu.com,Jevišovice,5/13/2025
Michaella,Gwatkin,mgwatkinmw@people.com.cn,Dunhou,2/6/2026
Blakelee,Bosse,bbossemx@cafepress.com,Umeå,9/18/2025
Vassili,Bowdrey,vbowdreymy@typepad.com,Gengwan,6/24/2025
Brodie,Boocock,bboocockmz@over-blog.com,Qiancheng,3/17/2026
Ethelin,Lathan,elathann0@cloudflare.com,Selkirk,7/28/2025
Maitilde,Abramzon,mabramzonn1@cmu.edu,Dalmatovo,8/24/2025
Dulcinea,Labrenz,dlabrenzn2@ucoz.ru,Kapuskasing,6/2/2025
Andriette,Edds,aeddsn3@oaic.gov.au,Goght’,5/18/2025
Karolina,Mollen,kmollenn4@discovery.com,Zamora,4/17/2026
Jilly,Swine,jswinen5@sakura.ne.jp,Kotovsk,9/6/2025
Lelah,Sudron,lsudronn6@vinaora.com,Çobansığnaq,11/11/2025
Wally,Rambaut,wrambautn7@hc360.com,Oslo,3/18/2026
Rafael,Duthie,rduthien8@vistaprint.com,Hässelby,5/20/2025
Shaw,Scardafield,sscardafieldn9@icq.com,Mvuma,2/11/2026
Nicky,Brecher,nbrecherna@furl.net,Kamenka,10/1/2025
Hollyanne,Caston,hcastonnb@sourceforge.net,Daqiao,2/17/2026
Kimble,Root,krootnc@rediff.com,Pompano Beach,6/28/2025
Shara,Bestiman,sbestimannd@networkadvertising.org,Sawankhalok,4/19/2026
Kirsteni,Bools,kboolsne@moonfruit.com,Bojong,6/18/2025
Claresta,Coltherd,ccoltherdnf@geocities.com,Bangad,5/13/2025
Ingrid,Timmens,itimmensng@digg.com,Sayḩūt,7/20/2025
Cherrita,Deinhardt,cdeinhardtnh@dot.gov,Saint-Brieuc,11/30/2025
Matthus,Avey,maveyni@reuters.com,Alemanguan,7/20/2025
Cindra,Ovington,covingtonnj@upenn.edu,Staryy Merchyk,10/19/2025
Car,Greenrodd,cgreenroddnk@dedecms.com,Sanxi,3/8/2026
Clementius,Prendeguest,cprendeguestnl@issuu.com,Huangtan,10/23/2025
Keelia,Elliff,kelliffnm@fastcompany.com,Zhouzai,6/19/2025
Riobard,Adger,radgernn@soup.io,Temizhbekskaya,11/26/2025
Collette,O'Downe,codowneno@smugmug.com,Lasehao,10/14/2025
Onfroi,Alston,oalstonnp@dailymotion.com,Gununglajang,7/20/2025
Arlena,Hirche,ahirchenq@ca.gov,Venilale,10/12/2025
Ninetta,Auston,naustonnr@unesco.org,Cruz das Almas,1/18/2026
Rania,Lippo,rlippons@cargocollective.com,Xiejia,5/27/2025
Eulalie,Imlin,eimlinnt@oracle.com,Mayenne,3/28/2026
Jacquie,Glenfield,jglenfieldnu@yahoo.co.jp,Paris 09,11/21/2025
Tybalt,Manneville,tmannevillenv@cpanel.net,Tsybli,1/16/2026
Liesa,Ring,lringnw@cocolog-nifty.com,Nanqiao,7/5/2025
Yasmeen,Shoesmith,yshoesmithnx@myspace.com,Kalilangan,6/8/2025
Candice,Wellings,cwellingsny@jiathis.com,Nogueira,2/3/2026
Yettie,Piddle,ypiddlenz@surveymonkey.com,São João da Barra,10/14/2025
Chuck,Bradnock,cbradnocko0@xing.com,Mértola,1/24/2026
Gwenore,Beine,gbeineo1@odnoklassniki.ru,Amiens,3/13/2026
Andy,Cutmare,acutmareo2@microsoft.com,Mukun,8/9/2025
Lexis,Fedorski,lfedorskio3@friendfeed.com,Bolian,10/5/2025
Orelia,Assard,oassardo4@java.com,Bīr Nabālā,5/8/2025
Fabio,Lebel,flebelo5@independent.co.uk,Lozova,8/29/2025
Fletcher,Lumbley,flumbleyo6@chron.com,Bojongaren,11/26/2025
Jennifer,Kinane,jkinaneo7@hostgator.com,San Miguel,8/29/2025
Tucker,Flooks,tflookso8@psu.edu,Tigbaw,9/17/2025
Nappie,Vasse,nvasseo9@ycombinator.com,Luowan,6/18/2025
Caroline,Padginton,cpadgintonoa@phpbb.com,Potelych,1/3/2026
Aguste,Simonel,asimonelob@wikia.com,Tocota,3/29/2026
Anthia,Ayscough,aayscoughoc@altervista.org,Santisimo Rosario,9/16/2025
Tiffanie,Spon,tsponod@ovh.net,Chýnov,11/18/2025
Ros,Moniker,rmonikeroe@indiegogo.com,Nogueira do Cravo,8/9/2025
Winston,Life,wlifeof@aboutads.info,Laranganglintong,1/22/2026
Aleen,Birdwistle,abirdwistleog@bbb.org,Dalam,9/2/2025
Kirbie,Wressell,kwresselloh@unicef.org,Jahrom,7/13/2025
Rudolph,McJury,rmcjuryoi@senate.gov,Pajala,7/30/2025
Mamie,Oventon,moventonoj@ftc.gov,Krajan Joho,12/9/2025
Rowena,Fitzsimons,rfitzsimonsok@earthlink.net,Gafargaon,9/13/2025
Rhetta,Tomasi,rtomasiol@purevolume.com,Bahía Blanca,1/3/2026
Cyrus,Ruter,cruterom@epa.gov,Dongxi,8/30/2025
Susana,Quinnelly,squinnellyon@ft.com,Kafr ash Shaykh,2/24/2026
Adore,Ashfield,aashfieldoo@nih.gov,Prado,6/26/2025
Pernell,Gilhouley,pgilhouleyop@ucoz.ru,Taquile,7/12/2025
Kevin,Taysbil,ktaysbiloq@acquirethisname.com,Mariatana,4/20/2026
Kirsti,Ladds,kladdsor@jimdo.com,Stanley,10/23/2025
Lynna,Orthmann,lorthmannos@icq.com,Venado Tuerto,11/27/2025
Vidovik,Davidov,vdavidovot@wordpress.com,Kumanovo,11/5/2025
Michail,Wallhead,mwallheadou@ted.com,Kabin Buri,10/10/2025
Win,Warcop,wwarcopov@de.vu,Piraí,9/12/2025
Clarence,Shawell,cshawellow@joomla.org,Thanh Xuân,5/1/2026
Jeanine,Clegg,jcleggox@shop-pro.jp,Sukhirin,11/23/2025
Malanie,Day,mdayoy@mozilla.com,Yangzi Jianglu,11/4/2025
Helen,Abden,habdenoz@buzzfeed.com,Charlotte,10/14/2025
Nelli,Marre,nmarrep0@godaddy.com,Georgīevka,6/12/2025
Reynold,Tomet,rtometp1@netvibes.com,Makariv,1/17/2026
Lynnett,Odgaard,lodgaardp2@goo.gl,Prokhladnyy,10/4/2025
Orlando,Jako,ojakop3@state.gov,Lille,9/21/2025
Kayne,Robbie,krobbiep4@sphinn.com,Wako,5/3/2026
Kerrill,Reedshaw,kreedshawp5@sina.com.cn,Sorren Daya,4/4/2026
Darrel,Madgwich,dmadgwichp6@desdev.cn,Chōfugaoka,10/12/2025
Collete,Casotti,ccasottip7@archive.org,Chegang,10/21/2025
Avie,Breckin,abreckinp8@reuters.com,Gävle,2/5/2026
Tedra,Aust,taustp9@live.com,Lyubashivka,1/22/2026
Giffy,Dell'Abbate,gdellabbatepa@nifty.com,São Lourenço do Sul,9/26/2025
Jamil,Boutwell,jboutwellpb@npr.org,Batas Barat,11/9/2025
Kriste,Jewise,kjewisepc@walmart.com,Hanfeng,9/25/2025
Avram,Zorn,azornpd@google.nl,Shanmu,11/16/2025
Lorena,MacElane,lmacelanepe@ning.com,Yuza,1/6/2026
Garth,Corbould,gcorbouldpf@cpanel.net,Münster,11/27/2025
Isaac,Cleere,icleerepg@sun.com,Yichun,10/17/2025
Monica,Austins,maustinsph@reuters.com,Kleszczów,9/9/2025
Leo,Breens,lbreenspi@bloomberg.com,Emiliano Zapata,6/26/2025
Tiffanie,Glabach,tglabachpj@webnode.com,Chuanpu,1/16/2026
Carol,Lampard,clampardpk@yandex.ru,Ficksburg,1/22/2026
Crystie,Matic,cmaticpl@berkeley.edu,Wenshui,12/2/2025
Vikky,Caulcutt,vcaulcuttpm@homestead.com,Zhuxi,9/5/2025
Gates,Treacher,gtreacherpn@ox.ac.uk,Tovarkovskiy,5/29/2025
Dorine,Aldington,daldingtonpo@yellowbook.com,Isfara,12/26/2025
Jonis,Wickling,jwicklingpp@ucla.edu,Tlogosari,4/9/2026
Hamlen,Dinning,hdinningpq@house.gov,Monte Santo de Minas,10/22/2025
Janetta,Forsdicke,jforsdickepr@hud.gov,Zhushan,4/29/2026
Vonni,Kembrey,vkembreyps@prweb.com,Tcholliré,12/15/2025
Berk,Stonehouse,bstonehousept@pen.io,Zaytā Jammā‘īn,9/4/2025
Eamon,Putnam,eputnampu@slashdot.org,Miami,12/10/2025
Arline,Wackly,awacklypv@scribd.com,Libas,11/5/2025
Sheelah,Careless,scarelesspw@ed.gov,Delicias,2/17/2026
Janith,Kelson,jkelsonpx@cam.ac.uk,Krajan Tekung,11/16/2025
Maxie,Fretwell,mfretwellpy@nba.com,Victoria,6/30/2025
Merola,Donohoe,mdonohoepz@lycos.com,Ararat,4/6/2026
Wright,Fildery,wfilderyq0@google.com.au,La Viña,8/26/2025
Clayborn,Huge,chugeq1@webnode.com,Liufu,2/3/2026
Brittani,Santarelli,bsantarelliq2@china.com.cn,Nueva Loja,10/10/2025
Ulla,Herrero,uherreroq3@oaic.gov.au,Seraya,6/21/2025
Manuel,Broader,mbroaderq4@omniture.com,Saari,7/21/2025
Merci,Burdikin,mburdikinq5@google.ru,Luleå,9/8/2025
Wrennie,Osmant,wosmantq6@businessweek.com,Napoli,3/21/2026
Feliza,O'Sesnane,fosesnaneq7@springer.com,Arroyo Salado,5/11/2025
Tirrell,Clamo,tclamoq8@shinystat.com,Blatnica,12/11/2025
Andrus,Bateup,abateupq9@squarespace.com,Douane,2/23/2026
Milka,Tolerton,mtolertonqa@barnesandnoble.com,Pevek,5/23/2025
Anetta,Prozescky,aprozesckyqb@newyorker.com,Salt Lake City,12/30/2025
Berkley,Local,blocalqc@abc.net.au,Batang,6/7/2025
Billie,Fleckney,bfleckneyqd@i2i.jp,Cete,4/29/2026
Clemmy,O'Rudden,coruddenqe@symantec.com,Pantukan,6/18/2025
Woody,Lanktree,wlanktreeqf@privacy.gov.au,Midlands,4/8/2026
Ernesto,Turri,eturriqg@theatlantic.com,Tyresö,3/20/2026
Avery,Rains,arainsqh@dion.ne.jp,Kasina Wielka,2/15/2026
Clarence,Pannaman,cpannamanqi@ebay.com,‘Ayn al Bayḑā,11/13/2025
Devin,Aisthorpe,daisthorpeqj@unblog.fr,Al Miqdādīyah,5/18/2025
Whitman,Sleeny,wsleenyqk@g.co,Baiqi,1/18/2026
Annemarie,Noweak,anoweakql@blogs.com,Goght’,8/3/2025
Nonna,Purchase,npurchaseqm@abc.net.au,Chaínça,9/28/2025
Gustav,Harmour,gharmourqn@bravesites.com,Bồng Sơn,10/16/2025
Miles,Szwarc,mszwarcqo@cdc.gov,Ganjiangtou,11/22/2025
Maddie,Ashplant,mashplantqp@imdb.com,Lanchkhuti,4/7/2026
Moina,Savage,msavageqq@prnewswire.com,Santo Domingo,2/19/2026
Ingrim,Cowp,icowpqr@cargocollective.com,Wilfrido Loor Moreira,9/16/2025
Ryun,Semrad,rsemradqs@go.com,New York City,5/24/2025
Patsy,de Courcy,pdecourcyqt@1und1.de,Saraburi,7/11/2025
Worth,Matherson,wmathersonqu@newyorker.com,Cipari,1/29/2026
Brocky,Chapelle,bchapelleqv@pcworld.com,El Paso,8/3/2025
Van,Polkinhorn,vpolkinhornqw@cbslocal.com,Longping,10/15/2025
Benjamen,Adams,badamsqx@slideshare.net,Pinyug,3/1/2026
Cathie,Manuello,cmanuelloqy@github.com,Phetchabun,3/6/2026
Cami,Mawhinney,cmawhinneyqz@ning.com,Le Grand-Quevilly,12/14/2025
Cordy,Peat,cpeatr0@163.com,Nang Rong,1/21/2026
Audie,O'Logan,aologanr1@com.com,Nogliki,12/16/2025
Kelbee,Giacopetti,kgiacopettir2@google.es,Pergamino,9/1/2025
Elia,Duell,eduellr3@deliciousdays.com,Changchun,2/26/2026
Daisi,Whittingham,dwhittinghamr4@mozilla.org,Pamplona/Iruña,10/26/2025
Loraine,Townes,ltownesr5@qq.com,Masaran,3/16/2026
Merline,Nance,mnancer6@aol.com,Campelos,6/30/2025
Nickola,Tenniswood,ntenniswoodr7@twitter.com,Madona,7/3/2025
Adan,Stappard,astappardr8@hp.com,Orvault,4/13/2026
Nickey,Stowte,nstowter9@shutterfly.com,Ambalavao,5/5/2025
Northrup,Gawkes,ngawkesra@globo.com,Tirat Karmel,12/3/2025
Gypsy,Briggdale,gbriggdalerb@about.com,Yacuiba,7/28/2025
Peta,Cotilard,pcotilardrc@opera.com,La Huerta,11/19/2025
Massimo,Bucksey,mbuckseyrd@jimdo.com,Qiansuo,3/23/2026
Merrily,Glandfield,mglandfieldre@wunderground.com,Rawuk,11/10/2025
Hastie,Orys,horysrf@sbwire.com,Bayshint,12/13/2025
Junie,Warburton,jwarburtonrg@tumblr.com,Ulyanovsk,9/18/2025
Matteo,Oxborrow,moxborrowrh@barnesandnoble.com,São João,12/9/2025
Matthieu,Schorah,mschorahri@nymag.com,Święciechowa,5/17/2025
Maxi,Zorzini,mzorzinirj@yellowbook.com,Olszówka,11/30/2025
Mellisa,Chess,mchessrk@sogou.com,Kaytitinga,3/18/2026
Emmett,Pettett,epettettrl@icq.com,Korop,5/17/2025
Aldon,Greatbanks,agreatbanksrm@cpanel.net,Ekimchan,5/13/2025
Alister,Gillingham,agillinghamrn@nationalgeographic.com,Jamshoro,2/26/2026
Melva,Iliff,miliffro@columbia.edu,Kupiskis,5/17/2025
Zerk,Macoun,zmacounrp@vistaprint.com,Zhoukou,12/16/2025
Chiarra,Klimowski,cklimowskirq@miibeian.gov.cn,Matsumoto,8/22/2025
Jorie,Frensche,jfrenscherr@mediafire.com,Gaoping,2/7/2026
